Company,Name,Price,Real Price
Puma,Rebound BBX Mesh IDP High Tops For Men,2969,4799
Puma,Rick Point NU Sneakers For Men,2279,3799
Deals4you,Running Shoes For Men,397,999
MILESWALKER,Running Shoes For Men,379,999
Chevit,445 Sports Running Shoes For Men,389,499
Sparx,Men SM-482 Navy Blue Neon Orange Running Shoes For Men,1049,1349
Clymb,Running Shoes For Men,449,999
Shoes Icon,Running Shoes For Men,449,999
Aadi,Running Shoes For Men,449,999
Asian,WNDR-13 Running Shoes For Men,474,599
Chevit,Combo Pack of 5 Casual Sneakers With Canvas Shoes For M,759,2495
Chevit,Combo Pack of 3 Casual Canvas Shoes For Men,699,1497
REWARM,Men's CASUAL Shoes Fashion Breathable Sneakers Sneakers,399,999
Puma,Firm IDP Canvas Shoes For Men,1749,3499
Shoefly,Combo Pack of 4 Casual Shoes For Men Sneakers For Men,599,1996
FREEDOM DAISY,Running Shoes For Men,359,999
Shoefly,Combo Pack of 4 Latest Collection Stylish Casual Sneake,929,1996
Aadi,Running Shoes For Men,499,999
DIGITRENDZZ,Lightweight Gymwear Sport Running Shoes For Men Running,379,999
Aircum,Combo Pack Of 5 Casual Shoes Loafers For Men,899,2495
DESASTER,new black sport fashion shoes Running Shoes For Men,397,999
Asian,Cosco Running Shoes For Men,616,999
xylus,Training & Gym Shoes For Men,449,999
Shoes Cart,Formal Shoes For Men Lace Up For Men,429,999
Axter,Combo Pack of 2 Latest Collection Stylish casual Sports,478,998
Beerock,Oxygen Running Shoes For Men,474,999
Absolute comfort,Walking shoes Walking Shoes For Men,249,999
Hotstyle,Designer Loafers For Men,284,499
Hotstyle,Sneakers For Men,199,499
Puma,Funk IDP Slip On Sneakers For Men,1859,2999
BRUTON,Combo-Fit-Man Grey,537,2999
Chevit,Combo Pack of 2 Casual Shoes Slip On Sneakers For Men,379,998
Chevit,Combo Pack of 2 Casual Shoes Loafers For Men,474,998
Puma,Rigel IDP Sneakers For Men,1729,2799
Asian,Running Shoes For Women,440,539
ventino,Training Shoes,449,999
MILESWALKER,Mesh Running Shoes,399,999
XYLUS,Running Shoes Running Shoes For Men,419,999
Puma,Rapid Runner IDP Running Shoes For Men,1999,3999
Adza,Running Shoes For Men,494,999
Puma,Rebound BBX Mesh IDP High Tops For Men,2969,4799
Earton,Sneakers For Men,806,1497
Deals4you,Running Shoes For Men,397,999
MILESWALKER,Running Shoes For Men,379,999
Chevit,445 Sports Running Shoes For Men,389,499
Sparx,Men SM-482 Navy Blue Neon Orange Running Shoes For Men,1049,1349
Clymb,Running Shoes For Men,449,999
Shoes Icon,Running Shoes For Men,449,999
Aadi,Running Shoes For Men,449,999
Asian,WNDR-13 Running Shoes For Men,474,599
Chevit,Combo Pack of 5 Casual Sneakers With Canvas Shoes For M,759,2495
Chevit,Combo Pack of 3 Casual Canvas Shoes For Men,699,1497
REWARM,Men's CASUAL Shoes Fashion Breathable Sneakers Sneakers,399,999
Earton,Sneakers For Men,806,1497
Shoefly,Combo Pack of 4 Casual Shoes For Men Sneakers For Men,599,1996
FREEDOM DAISY,Running Shoes For Men,359,999
Shoefly,Combo Pack of 4 Latest Collection Stylish Casual Sneake,929,1996
Aadi,Running Shoes For Men,499,999
DIGITRENDZZ,Lightweight Gymwear Sport Running Shoes For Men Running,379,999
Earton,shoes for men Sneakers For Men,806,1497
DESASTER,new black sport fashion shoes Running Shoes For Men,397,999
Asian,Cosco Running Shoes For Men,616,999
xylus,Training & Gym Shoes For Men,449,999
Earton,Combo pack of 3 casual,806,1497
Axter,Combo Pack of 2 Latest Collection,478,998
Beerock,Oxygen Running Shoes For Men,474,999
Absolute comfort,Walking shoes Walking Shoes For Men,249,999
Hotstyle,Designer Loafers For Men,284,499
Hotstyle,Sneakers For Men,199,499
Earton,Sneakers For Men,498,998
BRUTON,Combo-Fit-Man Grey,537,2999
Chevit,Combo Pack of 2 Casual Shoes Slip On Sneakers For Men,379,998
Chevit,Combo Pack of 2 Casual Shoes Loafers For Men,474,998
Earton,Sneakers For Men,806,1497
Asian,Running Shoes For Women,440,539
ventino,Walking Shoes,449,999
MILESWALKER,Mesh Running Shoes,399,999
XYLUS,Running Shoes Running Shoes For Men,419,999
Puma,Rapid Runner IDP Running Shoes For Men,1999,3999
Earton,Slip On Sneakers For Men,419,998
ZOVIM,jeans shoes for men Sneakers For Men,399,999
TECHNOFIT,Running Shoes For Women,599,999
Campus,MAXICO Running Shoes For Men,1049,1299
Aircum,Combo Pack Of 5 Casual Shoes Loafers For Men,899,2495
Tying,787 Running Shoes For Men,348,499
Asian,WNDR-13 Running Shoes For Men,474,599
Density,SOCKS Running Shoes For Men,499,999
SEGA,Multi purpose Marathon Walking Shoes For Men,565,1348
GSTM,Synthetic Leather Casual Office Use Wedding Formal Shoe,399,999
Shoes Cart,Formal Shoes For Men Lace Up For Men,429,999
Clymb,Clymb Men's Blast Black Red Walking Running Gym Sports ,325,999
FREEDOM DAISY,Men's Running Shoes Fashion Breathable Sneakers Running,359,999
URBANBOX,STYLISH-WHITE-6 Sneakers For Men,195,499
Adza,Running Shoes For Men,494,999
Chevit,168 Smart Red Lace-Ups Casuals for Men Sneakers For Men,259,499
Sparx,Outdoors For Men,1049,1349
Sparx,SD0323G Canvas Shoes For Men,550,749
Birde,Combo Pack of 4 Sports Shoes Running Shoes For Men,806,1999
Asian,Angel-04 Casual sneakers for ladies | sports shoes for ,584,999
